{"alpha": 0.1, "initialize_A_with_samples": false, "train_accuracy": 0.10441666666666667, "k": 10, "training_time (s)": 436.22631216049194, "learn_A": true, "p": 10, "num_epochs": 100, "q": 0, "test_accuracy": 0.1028}