{"alpha": 0.1, "initialize_A_with_samples": false, "train_accuracy": 0.9449166666666666, "k": 10, "training_time (s)": 286.0736916065216, "p": 3, "num_epochs": 100, "q": 0, "test_accuracy": 0.9358}