{"alpha": 0.1, "initialize_A_with_samples": true, "train_accuracy": 0.9643166666666667, "k": 10, "training_time (s)": 1177.8157682418823, "learn_A": true, "p": 10, "num_epochs": 100, "q": 0.001, "test_accuracy": 0.9523}